user_id,timestamp,amount,latitude,longitude,device_id,ip_address,country,city,reasons
123,2025-03-30 12:05:00,12000.0,39.03,-77.5,device124,8.8.8.8,United States,Ashburn,New device detected: device124
123,2025-03-30 14:00:00,200.0,37.8767,-122.2676,device125,9.9.9.9,United States,Berkeley,"New device detected: device125; IP address changed; Amount anomaly: 200.00 (mean: 13500.00, σ: 1500.00); Impossible travel: 3869.8km in 2.0h"
456,2025-03-30 16:10:00,1500.0,61.2325,-149.874,device128,12.12.12.12,United States,Anchorage,New device detected: device128; IP address changed; Impossible travel: 11088.1km in 4.0h
456,2025-03-30 16:15:00,1600.0,43.2123,-77.43,device128,13.13.13.13,United States,Webster,Blacklisted device: device128; IP address changed; Impossible travel: 15198.1km in 4.1h
903,2025-03-30 22:10:00,800.0,39.9747,-82.8947,device134,21.21.21.21,United States,Whitehall,IP address changed; Impossible travel: 978.9km in 0.2h; Rapid country change from Canada to United States
