[
    {
        "transaction_id": 102,
        "user_id": 123,
        "amount": 12000.0,
        "reasons": [
            "New device detected: device124"
        ],
        "timestamp": "2025-03-30T12:05:00",
        "country": "United States",
        "device": "device124",
        "ip": "8.8.8.8"
    },
    {
        "transaction_id": 104,
        "user_id": 123,
        "amount": 200.0,
        "reasons": [
            "New device detected: device125",
            "IP address changed",
            "Amount anomaly: 200.00 (mean: 13500.00, \u03c3: 1500.00)",
            "Impossible travel: 3869.8km in 2.0h"
        ],
        "timestamp": "2025-03-30T14:00:00",
        "country": "United States",
        "device": "device125",
        "ip": "9.9.9.9"
    },
    {
        "transaction_id": 107,
        "user_id": 456,
        "amount": 1500.0,
        "reasons": [
            "New device detected: device128",
            "IP address changed",
            "Impossible travel: 11088.1km in 4.0h"
        ],
        "timestamp": "2025-03-30T16:10:00",
        "country": "United States",
        "device": "device128",
        "ip": "12.12.12.12"
    },
    {
        "transaction_id": 108,
        "user_id": 456,
        "amount": 1600.0,
        "reasons": [
            "Blacklisted device: device128",
            "IP address changed",
            "Impossible travel: 15198.1km in 4.1h"
        ],
        "timestamp": "2025-03-30T16:15:00",
        "country": "United States",
        "device": "device128",
        "ip": "13.13.13.13"
    },
    {
        "transaction_id": 120,
        "user_id": 903,
        "amount": 800.0,
        "reasons": [
            "IP address changed",
            "Impossible travel: 978.9km in 0.2h",
            "Rapid country change from Canada to United States"
        ],
        "timestamp": "2025-03-30T22:10:00",
        "country": "United States",
        "device": "device134",
        "ip": "21.21.21.21"
    }
]